segment,n_customers,total_segment_revenue,avg_revenue_per_customer,avg_total_paid,avg_monthly_bill,avg_monthly_hours,avg_efficiency_score,pct_months_over_limit,avg_overage_paid,avg_discount_earned,avg_hours_utilization,segment_share
heavy,199,9013671.091154253,45294.82960379022,53447.89893247245,890.7983155412076,280.5431800630473,64.06168227798167,0.3712730318257957,303.980860071624,2300.910050251256,1.2192680009005417,0.199
light,319,8377719.044179719,26262.44214476401,30989.68173082153,516.4946955136922,66.15574450444466,74.66758184362804,0.20350052246603972,1075.8840569897156,2411.7491222570534,1.0102472903454063,0.319
moderate,482,17341100.3391827,35977.38659581473,42453.31618306138,707.5552697176897,147.13109533232173,70.32098840563935,0.2855117565698479,2314.6993551508335,2488.9310165975103,1.1416476141045877,0.482
