plan,n_customers,total_revenue,avg_revenue_per_customer,avg_monthly_bill,avg_monthly_hours,pct_over_limit,avg_efficiency,plan_fee,plan_hours
lite,320,8379453.198222069,26185.791244443964,514.987227807398,71.87902504905618,0.23364583333333333,74.44904025843537,449,100
premium,215,9776004.7,45469.789302325575,894.239189612403,264.1783345978349,0.28511627906976744,64.95494994141038,799,350
standard,465,16750305.689526431,36022.16277317512,708.4358678724441,146.34265231271152,0.26222222222222225,70.26439284484152,599,200
